{"cameraMode":{"drawMode":0,"name":"Shaded","section":"Shading Mode"},"sceneLighting":false,"audioPlay":false,"sceneViewState":{"showFog":true,"showMaterialUpdate":false,"showSkybox":false,"showFlares":true,"showImageEffects":true,"showParticleSystems":true},"in2DMode":false,"pivot":{"x":0.14219772815704347,"y":1.0611262321472169,"z":-0.03716304898262024},"rotation":{"x":-0.001415719510987401,"y":0.9970942139625549,"z":-0.07372912764549256,"w":-0.01914571225643158},"size":6.443925857543945,"orthographic":false}